{
  "algorithm": "Maillage Variable",
  "waterReserve": 40,
  "duree": "01:00:00",
  "temperature": 35,
  "nbProcess": 2,
  "dimension": 25,
  "nbDivisionCellule": 25,
  "contourInitial": [[991800, 6274400],
                     [991900, 6274400],
                     [991900, 6274500]],
  "listeObstacle": [[[991820.8913176882, 6274495.745802995], [991920.8913176882, 6274495.745802995], [991920.8913176882, 6274395.745802995]],
                    [[200.0, 100.0], [200.0, 100.0], [250.0, 100.0]]
                   ]
}