{
  "algorithm": "3",
  "waterReserve": 40,
  "duree": "0:0:00",
  "intervalle": "0:0:00",
  "temperature": 30,
  "nbProcess": 2,
  "dimension": 25,
  "exentricite": 1.0,
  "rateOfSpread": 1.0,
  "coef": 1.0,
  "generations": 1,
  "segment": 10,
  "angle": 3,
  "nbDivisionCellule": 25,
  "contourInitial": [
    [
      1006053.7634408601,
      6292521.505376344
    ],
    [
      1005876.3440860214,
      6292505.376344086
    ],
    [
      1005876.3440860214,
      6292440.860215054
    ],
    [
      1005940.8602150537,
      6292370.9677419355
    ],
    [
      1006053.7634408601,
      6292365.591397849
    ],
    [
      1006134.4086021504,
      6292456.989247312
    ]
  ],
  "largeur": 5050,
  "hauteur": 5050,
  "listeObstacle": []
}